{ 
	"employee":
		[
		{"e_bsn": 1222, "Name":"Ruben","Surname":"Everwijn","building_name":"H-Gebouw",
		 "address": //Adress Employee 1 of meer
			[{"country": "Nederland","Postal_code":"3201TL","City":"Spijkenisse",
			"Street":"Wagenmaker","house_nr":25},
			{"country": "Nederland","Postal_code":"3201RR","City":"Spijkenisse",
		"Street":"Slaanbreek","house_nr":126}],
		"Position_work": "Manager",
		"Position_project": //Position Project Employee 0 of meer
			[{"p_id": "P22","position_project":"Scrummaster"}],
		"degree_employee": //Degree Employee 1 of meer
			[{"Course":"Informatica","School":"HogeSchool Rotterdam","Level":"Batchler"}]
			},
		
		{"e_bsn": 1223, "Name":"Alexander","Surname":"Ng","work_building":"B-Gebouw",
		 "address":
			[{"country": "Nederland","Postal_code":"3101GG","City":"Rotterdam",
			"Street":"Hooivorklaan","house_nr":2}]}
		],
	"headquarters":
		[
		{"building_name": "H-Gebouw","rent":3000,"number_rooms":40,
		"address": //address headquarters 1
		[{"country": "Nederland","Postal_code":"3201RR","City":"Spijkenisse",
		"Street":"Slaanbreek","house_nr":126}]},
		{"building_name": "B-Gebouw","rent":5000,"number_rooms":80,
		"address":
		[{"country": "Nederland","Postal_code":"3201RR","City":"Spijkenisse",
		"Street":"Slaanbreek","house_nr":166}]},
		],
	"project":
		[
		{"p_id":"P22","p_budget":50000,"p_total_hours": 400,"building_name":"H-Gebouw"},
		{"p_id":"P23","p_budget":70000,"p_total_hours": 500,"building_name":"B-Gebouw"}
		]
}
// Deze database werkt niet met primary keys en foreignkeys 
//  dus alle info over een employee plaats je in employee